"","t","value","uncertainty"
"1",0,0.205389115,0.816642001
"2",1,0.554592584,0.532967305
"3",2,-1.84064579,1.29371729
"4",3,-2.919275871,0.523310134
"5",4,-5.232614147,1.150565041
"6",5,-5.481457824,0.845954011
"7",6,-5.478391849,0.800537369
"8",7,-6.545686224,0.824145539
"9",8,-7.068654629,0.829575618
"10",9,-6.367251832,0.96132649
"11",10,-4.446415822,0.936839403
