x,mode,sd,skew
0,0.205389115,0.816642001,0.38313395
1,0.554592584,0.532967305,0.193739934
2,-1.84064579,1.29371729,0.3532216
3,-2.919275871,0.523310134,0.325365437
4,-5.232614147,1.150565041,0.338265147
5,-5.481457824,0.845954011,0.261970736
6,-5.478391849,0.800537369,0.24663435
7,-6.545686224,0.824145539,0.241480876
8,-7.068654629,0.829575618,0.286929002
9,-6.367251832,0.96132649,0.253620477
10,-4.446415822,0.936839403,0.21752188